"TIME","GEO","CITIZEN","SEX","AGE","UNIT","Value","Flag and Footnotes"
"2010","France","AO","Total","Total","Person","0",""
"2010","France","CM","Total","Total","Person","0",""
"2010","France","CF","Total","Total","Person","0",""
"2010","France","TD","Total","Total","Person","0",""
"2010","France","CG","Total","Total","Person","0",""
"2010","France","CD","Total","Total","Person","20",""
"2010","France","GQ","Total","Total","Person","0",""
"2010","France","GA","Total","Total","Person","0",""
"2010","France","ST","Total","Total","Person","0",""
"2010","France","BI","Total","Total","Person","5",""
"2010","France","KM","Total","Total","Person","0",""
"2010","France","DJ","Total","Total","Person","5",""
"2010","France","ER","Total","Total","Person","10",""
"2010","France","ET","Total","Total","Person","5",""
"2010","France","KE","Total","Total","Person","0",""
"2010","France","MG","Total","Total","Person","0",""
"2010","France","MW","Total","Total","Person","0",""
"2010","France","MU","Total","Total","Person","0",""
"2010","France","MZ","Total","Total","Person","0",""
"2010","France","RW","Total","Total","Person","10",""
"2010","France","SC","Total","Total","Person","0",""
"2010","France","SO","Total","Total","Person","50",""
"2010","France","UG","Total","Total","Person","0",""
"2010","France","TZ","Total","Total","Person","0",""
"2010","France","ZM","Total","Total","Person","0",""
"2010","France","ZW","Total","Total","Person","0",""
"2010","France","DZ","Total","Total","Person","0",""
"2010","France","EG","Total","Total","Person","0",""
"2010","France","LY","Total","Total","Person","0",""
"2010","France","MA","Total","Total","Person","0",""
"2010","France","SS","Total","Total","Person",":",""
"2010","France","SD","Total","Total","Person","10",""
"2010","France","TN","Total","Total","Person","0",""
"2010","France","EH","Total","Total","Person","0",""
"2010","France","BW","Total","Total","Person","0",""
"2010","France","LS","Total","Total","Person","0",""
"2010","France","NA","Total","Total","Person","0",""
"2010","France","ZA","Total","Total","Person","0",""
"2010","France","SZ","Total","Total","Person","0",""
"2010","France","BJ","Total","Total","Person","0",""
"2010","France","BF","Total","Total","Person","0",""
"2010","France","CV","Total","Total","Person","0",""
"2010","France","CI","Total","Total","Person","0",""
"2010","France","GM","Total","Total","Person","0",""
"2010","France","GH","Total","Total","Person","0",""
"2010","France","GN","Total","Total","Person","0",""
"2010","France","GW","Total","Total","Person","0",""
"2010","France","LR","Total","Total","Person","0",""
"2010","France","ML","Total","Total","Person","0",""
"2010","France","MR","Total","Total","Person","0",""
"2010","France","NE","Total","Total","Person","0",""
"2010","France","NG","Total","Total","Person","0",""
"2010","France","SN","Total","Total","Person","0",""
"2010","France","SL","Total","Total","Person","0",""
"2010","France","TG","Total","Total","Person","0",""
"2010","France","CA","Total","Total","Person","0",""
"2010","France","US","Total","Total","Person","0",""
"2010","France","AG","Total","Total","Person","0",""
"2010","France","BS","Total","Total","Person","0",""
"2010","France","BB","Total","Total","Person","0",""
"2010","France","CU","Total","Total","Person","0",""
"2010","France","DM","Total","Total","Person","0",""
"2010","France","DO","Total","Total","Person","0",""
"2010","France","GD","Total","Total","Person","0",""
"2010","France","HT","Total","Total","Person","0",""
"2010","France","JM","Total","Total","Person","0",""
"2010","France","KN","Total","Total","Person","0",""
"2010","France","LC","Total","Total","Person","0",""
"2010","France","VC","Total","Total","Person","0",""
"2010","France","TT","Total","Total","Person","0",""
"2010","France","BZ","Total","Total","Person","0",""
"2010","France","CR","Total","Total","Person","0",""
"2010","France","SV","Total","Total","Person","0",""
"2010","France","GT","Total","Total","Person","0",""
"2010","France","HN","Total","Total","Person","0",""
"2010","France","MX","Total","Total","Person","0",""
"2010","France","NI","Total","Total","Person","0",""
"2010","France","PA","Total","Total","Person","0",""
"2010","France","AR","Total","Total","Person","0",""
"2010","France","BO","Total","Total","Person","0",""
"2010","France","BR","Total","Total","Person","0",""
"2010","France","CL","Total","Total","Person","0",""
"2010","France","CO","Total","Total","Person","0",""
"2010","France","EC","Total","Total","Person","0",""
"2010","France","GY","Total","Total","Person","0",""
"2010","France","PY","Total","Total","Person","0",""
"2010","France","PE","Total","Total","Person","0",""
"2010","France","SR","Total","Total","Person","0",""
"2010","France","UY","Total","Total","Person","0",""
"2010","France","VE","Total","Total","Person","0",""
"2010","France","KZ","Total","Total","Person","0",""
"2010","France","KG","Total","Total","Person","0",""
"2010","France","TJ","Total","Total","Person","0",""
"2010","France","TM","Total","Total","Person","0",""
"2010","France","UZ","Total","Total","Person","0",""
"2010","France","CN","Total","Total","Person","0",""
"2010","France","JP","Total","Total","Person","0",""
"2010","France","MN","Total","Total","Person","0",""
"2010","France","KP","Total","Total","Person","0",""
"2010","France","KR","Total","Total","Person","0",""
"2010","France","TW","Total","Total","Person","0",""
"2010","France","AF","Total","Total","Person","5",""
"2010","France","BD","Total","Total","Person","0",""
"2010","France","BT","Total","Total","Person","0",""
"2010","France","IN","Total","Total","Person","0",""
"2010","France","IR","Total","Total","Person","10",""
"2010","France","MV","Total","Total","Person","0",""
"2010","France","NP","Total","Total","Person","0",""
"2010","France","PK","Total","Total","Person","0",""
"2010","France","LK","Total","Total","Person","0",""
"2010","France","BN","Total","Total","Person","0",""
"2010","France","KH","Total","Total","Person","0",""
"2010","France","ID","Total","Total","Person","0",""
"2010","France","LA","Total","Total","Person","0",""
"2010","France","MY","Total","Total","Person","0",""
"2010","France","MM","Total","Total","Person","0",""
"2010","France","PH","Total","Total","Person","0",""
"2010","France","SG","Total","Total","Person","0",""
"2010","France","TH","Total","Total","Person","0",""
"2010","France","TL","Total","Total","Person","0",""
"2010","France","VN","Total","Total","Person","0",""
"2010","France","AM","Total","Total","Person","0",""
"2010","France","AZ","Total","Total","Person","0",""
"2010","France","BH","Total","Total","Person","0",""
"2010","France","GE","Total","Total","Person","0",""
"2010","France","IQ","Total","Total","Person","170",""
"2010","France","IL","Total","Total","Person","0",""
"2010","France","JO","Total","Total","Person","5",""
"2010","France","KW","Total","Total","Person","0",""
"2010","France","LB","Total","Total","Person","0",""
"2010","France","PS","Total","Total","Person","30",""
"2010","France","OM","Total","Total","Person","0",""
"2010","France","QA","Total","Total","Person","0",""
"2010","France","SA","Total","Total","Person","0",""
"2010","France","SY","Total","Total","Person","0",""
"2010","France","AE","Total","Total","Person","0",""
"2010","France","YE","Total","Total","Person","0",""
"2010","France","AU","Total","Total","Person","0",""
"2010","France","NZ","Total","Total","Person","0",""
"2010","France","FJ","Total","Total","Person","0",""
"2010","France","PG","Total","Total","Person","0",""
"2010","France","SB","Total","Total","Person","0",""
"2010","France","VU","Total","Total","Person","0",""
"2010","France","KI","Total","Total","Person","0",""
"2010","France","MH","Total","Total","Person","0",""
"2010","France","FM","Total","Total","Person","0",""
"2010","France","NR","Total","Total","Person","0",""
"2010","France","PW","Total","Total","Person","0",""
"2010","France","CK","Total","Total","Person","0",""
"2010","France","WS","Total","Total","Person","0",""
"2010","France","TO","Total","Total","Person","0",""
"2010","France","TV","Total","Total","Person","0",""
"2010","France","TOTAL","Total","Total","Person","360",""
"2011","France","AO","Total","Total","Person","0",""
"2011","France","CM","Total","Total","Person","0",""
"2011","France","CF","Total","Total","Person","0",""
"2011","France","TD","Total","Total","Person","0",""
"2011","France","CG","Total","Total","Person","0",""
"2011","France","CD","Total","Total","Person","15",""
"2011","France","GQ","Total","Total","Person","0",""
"2011","France","GA","Total","Total","Person","0",""
"2011","France","ST","Total","Total","Person","0",""
"2011","France","BI","Total","Total","Person","0",""
"2011","France","KM","Total","Total","Person","0",""
"2011","France","DJ","Total","Total","Person","0",""
"2011","France","ER","Total","Total","Person","0",""
"2011","France","ET","Total","Total","Person","10",""
"2011","France","KE","Total","Total","Person","0",""
"2011","France","MG","Total","Total","Person","0",""
"2011","France","MW","Total","Total","Person","0",""
"2011","France","MU","Total","Total","Person","0",""
"2011","France","MZ","Total","Total","Person","0",""
"2011","France","RW","Total","Total","Person","0",""
"2011","France","SC","Total","Total","Person","0",""
"2011","France","SO","Total","Total","Person","0",""
"2011","France","UG","Total","Total","Person","0",""
"2011","France","TZ","Total","Total","Person","0",""
"2011","France","ZM","Total","Total","Person","0",""
"2011","France","ZW","Total","Total","Person","0",""
"2011","France","DZ","Total","Total","Person","0",""
"2011","France","EG","Total","Total","Person","0",""
"2011","France","LY","Total","Total","Person","0",""
"2011","France","MA","Total","Total","Person","0",""
"2011","France","SS","Total","Total","Person",":",""
"2011","France","SD","Total","Total","Person","0",""
"2011","France","TN","Total","Total","Person","0",""
"2011","France","EH","Total","Total","Person","0",""
"2011","France","BW","Total","Total","Person","0",""
"2011","France","LS","Total","Total","Person","0",""
"2011","France","NA","Total","Total","Person","0",""
"2011","France","ZA","Total","Total","Person","0",""
"2011","France","SZ","Total","Total","Person","0",""
"2011","France","BJ","Total","Total","Person","0",""
"2011","France","BF","Total","Total","Person","0",""
"2011","France","CV","Total","Total","Person","0",""
"2011","France","CI","Total","Total","Person","0",""
"2011","France","GM","Total","Total","Person","0",""
"2011","France","GH","Total","Total","Person","0",""
"2011","France","GN","Total","Total","Person","0",""
"2011","France","GW","Total","Total","Person","0",""
"2011","France","LR","Total","Total","Person","0",""
"2011","France","ML","Total","Total","Person","0",""
"2011","France","MR","Total","Total","Person","0",""
"2011","France","NE","Total","Total","Person","0",""
"2011","France","NG","Total","Total","Person","0",""
"2011","France","SN","Total","Total","Person","0",""
"2011","France","SL","Total","Total","Person","0",""
"2011","France","TG","Total","Total","Person","0",""
"2011","France","CA","Total","Total","Person","0",""
"2011","France","US","Total","Total","Person","0",""
"2011","France","AG","Total","Total","Person","0",""
"2011","France","BS","Total","Total","Person","0",""
"2011","France","BB","Total","Total","Person","0",""
"2011","France","CU","Total","Total","Person","0",""
"2011","France","DM","Total","Total","Person","0",""
"2011","France","DO","Total","Total","Person","0",""
"2011","France","GD","Total","Total","Person","0",""
"2011","France","HT","Total","Total","Person","0",""
"2011","France","JM","Total","Total","Person","0",""
"2011","France","KN","Total","Total","Person","0",""
"2011","France","LC","Total","Total","Person","0",""
"2011","France","VC","Total","Total","Person","0",""
"2011","France","TT","Total","Total","Person","0",""
"2011","France","BZ","Total","Total","Person","0",""
"2011","France","CR","Total","Total","Person","0",""
"2011","France","SV","Total","Total","Person","0",""
"2011","France","GT","Total","Total","Person","0",""
"2011","France","HN","Total","Total","Person","0",""
"2011","France","MX","Total","Total","Person","0",""
"2011","France","NI","Total","Total","Person","0",""
"2011","France","PA","Total","Total","Person","0",""
"2011","France","AR","Total","Total","Person","0",""
"2011","France","BO","Total","Total","Person","0",""
"2011","France","BR","Total","Total","Person","0",""
"2011","France","CL","Total","Total","Person","0",""
"2011","France","CO","Total","Total","Person","0",""
"2011","France","EC","Total","Total","Person","0",""
"2011","France","GY","Total","Total","Person","0",""
"2011","France","PY","Total","Total","Person","0",""
"2011","France","PE","Total","Total","Person","0",""
"2011","France","SR","Total","Total","Person","0",""
"2011","France","UY","Total","Total","Person","0",""
"2011","France","VE","Total","Total","Person","0",""
"2011","France","KZ","Total","Total","Person","0",""
"2011","France","KG","Total","Total","Person","0",""
"2011","France","TJ","Total","Total","Person","0",""
"2011","France","TM","Total","Total","Person","0",""
"2011","France","UZ","Total","Total","Person","0",""
"2011","France","CN","Total","Total","Person","0",""
"2011","France","JP","Total","Total","Person","0",""
"2011","France","MN","Total","Total","Person","0",""
"2011","France","KP","Total","Total","Person","0",""
"2011","France","KR","Total","Total","Person","0",""
"2011","France","TW","Total","Total","Person","0",""
"2011","France","AF","Total","Total","Person","5",""
"2011","France","BD","Total","Total","Person","0",""
"2011","France","BT","Total","Total","Person","0",""
"2011","France","IN","Total","Total","Person","0",""
"2011","France","IR","Total","Total","Person","0",""
"2011","France","MV","Total","Total","Person","0",""
"2011","France","NP","Total","Total","Person","0",""
"2011","France","PK","Total","Total","Person","0",""
"2011","France","LK","Total","Total","Person","0",""
"2011","France","BN","Total","Total","Person","0",""
"2011","France","KH","Total","Total","Person","0",""
"2011","France","ID","Total","Total","Person","0",""
"2011","France","LA","Total","Total","Person","0",""
"2011","France","MY","Total","Total","Person","0",""
"2011","France","MM","Total","Total","Person","0",""
"2011","France","PH","Total","Total","Person","0",""
"2011","France","SG","Total","Total","Person","0",""
"2011","France","TH","Total","Total","Person","0",""
"2011","France","TL","Total","Total","Person","0",""
"2011","France","VN","Total","Total","Person","0",""
"2011","France","AM","Total","Total","Person","0",""
"2011","France","AZ","Total","Total","Person","0",""
"2011","France","BH","Total","Total","Person","0",""
"2011","France","GE","Total","Total","Person","0",""
"2011","France","IQ","Total","Total","Person","70",""
"2011","France","IL","Total","Total","Person","0",""
"2011","France","JO","Total","Total","Person","0",""
"2011","France","KW","Total","Total","Person","0",""
"2011","France","LB","Total","Total","Person","0",""
"2011","France","PS","Total","Total","Person","15",""
"2011","France","OM","Total","Total","Person","0",""
"2011","France","QA","Total","Total","Person","0",""
"2011","France","SA","Total","Total","Person","0",""
"2011","France","SY","Total","Total","Person","0",""
"2011","France","AE","Total","Total","Person","0",""
"2011","France","YE","Total","Total","Person","0",""
"2011","France","AU","Total","Total","Person","0",""
"2011","France","NZ","Total","Total","Person","0",""
"2011","France","FJ","Total","Total","Person","0",""
"2011","France","PG","Total","Total","Person","0",""
"2011","France","SB","Total","Total","Person","0",""
"2011","France","VU","Total","Total","Person","0",""
"2011","France","KI","Total","Total","Person","0",""
"2011","France","MH","Total","Total","Person","0",""
"2011","France","FM","Total","Total","Person","0",""
"2011","France","NR","Total","Total","Person","0",""
"2011","France","PW","Total","Total","Person","0",""
"2011","France","CK","Total","Total","Person","0",""
"2011","France","WS","Total","Total","Person","0",""
"2011","France","TO","Total","Total","Person","0",""
"2011","France","TV","Total","Total","Person","0",""
"2011","France","TOTAL","Total","Total","Person","130",""
"2012","France","AO","Total","Total","Person","0",""
"2012","France","CM","Total","Total","Person","0",""
"2012","France","CF","Total","Total","Person","0",""
"2012","France","TD","Total","Total","Person","0",""
"2012","France","CG","Total","Total","Person","0",""
"2012","France","CD","Total","Total","Person","25",""
"2012","France","GQ","Total","Total","Person","0",""
"2012","France","GA","Total","Total","Person","0",""
"2012","France","ST","Total","Total","Person","0",""
"2012","France","BI","Total","Total","Person","0",""
"2012","France","KM","Total","Total","Person","0",""
"2012","France","DJ","Total","Total","Person","0",""
"2012","France","ER","Total","Total","Person","0",""
"2012","France","ET","Total","Total","Person","15",""
"2012","France","KE","Total","Total","Person","0",""
"2012","France","MG","Total","Total","Person","0",""
"2012","France","MW","Total","Total","Person","0",""
"2012","France","MU","Total","Total","Person","0",""
"2012","France","MZ","Total","Total","Person","0",""
"2012","France","RW","Total","Total","Person","5",""
"2012","France","SC","Total","Total","Person","0",""
"2012","France","SO","Total","Total","Person","5",""
"2012","France","UG","Total","Total","Person","0",""
"2012","France","TZ","Total","Total","Person","0",""
"2012","France","ZM","Total","Total","Person","0",""
"2012","France","ZW","Total","Total","Person","0",""
"2012","France","DZ","Total","Total","Person","0",""
"2012","France","EG","Total","Total","Person","0",""
"2012","France","LY","Total","Total","Person","0",""
"2012","France","MA","Total","Total","Person","0",""
"2012","France","SS","Total","Total","Person","0",""
"2012","France","SD","Total","Total","Person","0",""
"2012","France","TN","Total","Total","Person","0",""
"2012","France","EH","Total","Total","Person","0",""
"2012","France","BW","Total","Total","Person","0",""
"2012","France","LS","Total","Total","Person","0",""
"2012","France","NA","Total","Total","Person","0",""
"2012","France","ZA","Total","Total","Person","0",""
"2012","France","SZ","Total","Total","Person","0",""
"2012","France","BJ","Total","Total","Person","0",""
"2012","France","BF","Total","Total","Person","0",""
"2012","France","CV","Total","Total","Person","0",""
"2012","France","CI","Total","Total","Person","5",""
"2012","France","GM","Total","Total","Person","0",""
"2012","France","GH","Total","Total","Person","0",""
"2012","France","GN","Total","Total","Person","0",""
"2012","France","GW","Total","Total","Person","0",""
"2012","France","LR","Total","Total","Person","0",""
"2012","France","ML","Total","Total","Person","0",""
"2012","France","MR","Total","Total","Person","5",""
"2012","France","NE","Total","Total","Person","0",""
"2012","France","NG","Total","Total","Person","0",""
"2012","France","SN","Total","Total","Person","0",""
"2012","France","SL","Total","Total","Person","0",""
"2012","France","TG","Total","Total","Person","0",""
"2012","France","CA","Total","Total","Person","0",""
"2012","France","US","Total","Total","Person","0",""
"2012","France","AG","Total","Total","Person","0",""
"2012","France","BS","Total","Total","Person","0",""
"2012","France","BB","Total","Total","Person","0",""
"2012","France","CU","Total","Total","Person","0",""
"2012","France","DM","Total","Total","Person","0",""
"2012","France","DO","Total","Total","Person","0",""
"2012","France","GD","Total","Total","Person","0",""
"2012","France","HT","Total","Total","Person","0",""
"2012","France","JM","Total","Total","Person","0",""
"2012","France","KN","Total","Total","Person","0",""
"2012","France","LC","Total","Total","Person","0",""
"2012","France","VC","Total","Total","Person","0",""
"2012","France","TT","Total","Total","Person","0",""
"2012","France","BZ","Total","Total","Person","0",""
"2012","France","CR","Total","Total","Person","0",""
"2012","France","SV","Total","Total","Person","0",""
"2012","France","GT","Total","Total","Person","0",""
"2012","France","HN","Total","Total","Person","0",""
"2012","France","MX","Total","Total","Person","0",""
"2012","France","NI","Total","Total","Person","0",""
"2012","France","PA","Total","Total","Person","0",""
"2012","France","AR","Total","Total","Person","0",""
"2012","France","BO","Total","Total","Person","0",""
"2012","France","BR","Total","Total","Person","0",""
"2012","France","CL","Total","Total","Person","0",""
"2012","France","CO","Total","Total","Person","0",""
"2012","France","EC","Total","Total","Person","0",""
"2012","France","GY","Total","Total","Person","0",""
"2012","France","PY","Total","Total","Person","0",""
"2012","France","PE","Total","Total","Person","0",""
"2012","France","SR","Total","Total","Person","0",""
"2012","France","UY","Total","Total","Person","0",""
"2012","France","VE","Total","Total","Person","0",""
"2012","France","KZ","Total","Total","Person","0",""
"2012","France","KG","Total","Total","Person","0",""
"2012","France","TJ","Total","Total","Person","0",""
"2012","France","TM","Total","Total","Person","0",""
"2012","France","UZ","Total","Total","Person","0",""
"2012","France","CN","Total","Total","Person","0",""
"2012","France","JP","Total","Total","Person","0",""
"2012","France","MN","Total","Total","Person","0",""
"2012","France","KP","Total","Total","Person","0",""
"2012","France","KR","Total","Total","Person","0",""
"2012","France","TW","Total","Total","Person","0",""
"2012","France","AF","Total","Total","Person","0",""
"2012","France","BD","Total","Total","Person","0",""
"2012","France","BT","Total","Total","Person","0",""
"2012","France","IN","Total","Total","Person","0",""
"2012","France","IR","Total","Total","Person","0",""
"2012","France","MV","Total","Total","Person","0",""
"2012","France","NP","Total","Total","Person","0",""
"2012","France","PK","Total","Total","Person","0",""
"2012","France","LK","Total","Total","Person","0",""
"2012","France","BN","Total","Total","Person","0",""
"2012","France","KH","Total","Total","Person","5",""
"2012","France","ID","Total","Total","Person","0",""
"2012","France","LA","Total","Total","Person","0",""
"2012","France","MY","Total","Total","Person","0",""
"2012","France","MM","Total","Total","Person","0",""
"2012","France","PH","Total","Total","Person","0",""
"2012","France","SG","Total","Total","Person","0",""
"2012","France","TH","Total","Total","Person","0",""
"2012","France","TL","Total","Total","Person","0",""
"2012","France","VN","Total","Total","Person","0",""
"2012","France","AM","Total","Total","Person","0",""
"2012","France","AZ","Total","Total","Person","0",""
"2012","France","BH","Total","Total","Person","0",""
"2012","France","GE","Total","Total","Person","0",""
"2012","France","IQ","Total","Total","Person","20",""
"2012","France","IL","Total","Total","Person","0",""
"2012","France","JO","Total","Total","Person","0",""
"2012","France","KW","Total","Total","Person","0",""
"2012","France","LB","Total","Total","Person","0",""
"2012","France","PS","Total","Total","Person","5",""
"2012","France","OM","Total","Total","Person","0",""
"2012","France","QA","Total","Total","Person","0",""
"2012","France","SA","Total","Total","Person","0",""
"2012","France","SY","Total","Total","Person","0",""
"2012","France","AE","Total","Total","Person","0",""
"2012","France","YE","Total","Total","Person","0",""
"2012","France","AU","Total","Total","Person","0",""
"2012","France","NZ","Total","Total","Person","0",""
"2012","France","FJ","Total","Total","Person","0",""
"2012","France","PG","Total","Total","Person","0",""
"2012","France","SB","Total","Total","Person","0",""
"2012","France","VU","Total","Total","Person","0",""
"2012","France","KI","Total","Total","Person","0",""
"2012","France","MH","Total","Total","Person","0",""
"2012","France","FM","Total","Total","Person","0",""
"2012","France","NR","Total","Total","Person","0",""
"2012","France","PW","Total","Total","Person","0",""
"2012","France","CK","Total","Total","Person","0",""
"2012","France","WS","Total","Total","Person","0",""
"2012","France","TO","Total","Total","Person","0",""
"2012","France","TV","Total","Total","Person","0",""
"2012","France","TOTAL","Total","Total","Person","100",""
"2013","France","AO","Total","Total","Person","0",""
"2013","France","CM","Total","Total","Person","0",""
"2013","France","CF","Total","Total","Person","0",""
"2013","France","TD","Total","Total","Person","0",""
"2013","France","CG","Total","Total","Person","0",""
"2013","France","CD","Total","Total","Person","20",""
"2013","France","GQ","Total","Total","Person","0",""
"2013","France","GA","Total","Total","Person","0",""
"2013","France","ST","Total","Total","Person","0",""
"2013","France","BI","Total","Total","Person","0",""
"2013","France","KM","Total","Total","Person","0",""
"2013","France","DJ","Total","Total","Person","0",""
"2013","France","ER","Total","Total","Person","0",""
"2013","France","ET","Total","Total","Person","10",""
"2013","France","KE","Total","Total","Person","0",""
"2013","France","MG","Total","Total","Person","0",""
"2013","France","MW","Total","Total","Person","0",""
"2013","France","MU","Total","Total","Person","0",""
"2013","France","MZ","Total","Total","Person","0",""
"2013","France","RW","Total","Total","Person","5",""
"2013","France","SC","Total","Total","Person","0",""
"2013","France","SO","Total","Total","Person","0",""
"2013","France","UG","Total","Total","Person","0",""
"2013","France","TZ","Total","Total","Person","0",""
"2013","France","ZM","Total","Total","Person","0",""
"2013","France","ZW","Total","Total","Person","0",""
"2013","France","DZ","Total","Total","Person","0",""
"2013","France","EG","Total","Total","Person","0",""
"2013","France","LY","Total","Total","Person","0",""
"2013","France","MA","Total","Total","Person","0",""
"2013","France","SS","Total","Total","Person","0",""
"2013","France","SD","Total","Total","Person","0",""
"2013","France","TN","Total","Total","Person","0",""
"2013","France","EH","Total","Total","Person","0",""
"2013","France","BW","Total","Total","Person","0",""
"2013","France","LS","Total","Total","Person","0",""
"2013","France","NA","Total","Total","Person","0",""
"2013","France","ZA","Total","Total","Person","0",""
"2013","France","SZ","Total","Total","Person","0",""
"2013","France","BJ","Total","Total","Person","0",""
"2013","France","BF","Total","Total","Person","0",""
"2013","France","CV","Total","Total","Person","0",""
"2013","France","CI","Total","Total","Person","0",""
"2013","France","GM","Total","Total","Person","0",""
"2013","France","GH","Total","Total","Person","0",""
"2013","France","GN","Total","Total","Person","0",""
"2013","France","GW","Total","Total","Person","0",""
"2013","France","LR","Total","Total","Person","0",""
"2013","France","ML","Total","Total","Person","0",""
"2013","France","MR","Total","Total","Person","0",""
"2013","France","NE","Total","Total","Person","0",""
"2013","France","NG","Total","Total","Person","0",""
"2013","France","SN","Total","Total","Person","0",""
"2013","France","SL","Total","Total","Person","0",""
"2013","France","TG","Total","Total","Person","0",""
"2013","France","CA","Total","Total","Person","0",""
"2013","France","US","Total","Total","Person","0",""
"2013","France","AG","Total","Total","Person","0",""
"2013","France","BS","Total","Total","Person","0",""
"2013","France","BB","Total","Total","Person","0",""
"2013","France","CU","Total","Total","Person","0",""
"2013","France","DM","Total","Total","Person","0",""
"2013","France","DO","Total","Total","Person","0",""
"2013","France","GD","Total","Total","Person","0",""
"2013","France","HT","Total","Total","Person","0",""
"2013","France","JM","Total","Total","Person","0",""
"2013","France","KN","Total","Total","Person","0",""
"2013","France","LC","Total","Total","Person","0",""
"2013","France","VC","Total","Total","Person","0",""
"2013","France","TT","Total","Total","Person","0",""
"2013","France","BZ","Total","Total","Person","0",""
"2013","France","CR","Total","Total","Person","0",""
"2013","France","SV","Total","Total","Person","0",""
"2013","France","GT","Total","Total","Person","0",""
"2013","France","HN","Total","Total","Person","0",""
"2013","France","MX","Total","Total","Person","0",""
"2013","France","NI","Total","Total","Person","0",""
"2013","France","PA","Total","Total","Person","0",""
"2013","France","AR","Total","Total","Person","0",""
"2013","France","BO","Total","Total","Person","0",""
"2013","France","BR","Total","Total","Person","0",""
"2013","France","CL","Total","Total","Person","0",""
"2013","France","CO","Total","Total","Person","0",""
"2013","France","EC","Total","Total","Person","0",""
"2013","France","GY","Total","Total","Person","0",""
"2013","France","PY","Total","Total","Person","0",""
"2013","France","PE","Total","Total","Person","0",""
"2013","France","SR","Total","Total","Person","0",""
"2013","France","UY","Total","Total","Person","0",""
"2013","France","VE","Total","Total","Person","0",""
"2013","France","KZ","Total","Total","Person","0",""
"2013","France","KG","Total","Total","Person","0",""
"2013","France","TJ","Total","Total","Person","0",""
"2013","France","TM","Total","Total","Person","0",""
"2013","France","UZ","Total","Total","Person","0",""
"2013","France","CN","Total","Total","Person","0",""
"2013","France","JP","Total","Total","Person","0",""
"2013","France","MN","Total","Total","Person","0",""
"2013","France","KP","Total","Total","Person","0",""
"2013","France","KR","Total","Total","Person","0",""
"2013","France","TW","Total","Total","Person","0",""
"2013","France","AF","Total","Total","Person","15",""
"2013","France","BD","Total","Total","Person","0",""
"2013","France","BT","Total","Total","Person","0",""
"2013","France","IN","Total","Total","Person","0",""
"2013","France","IR","Total","Total","Person","0",""
"2013","France","MV","Total","Total","Person","0",""
"2013","France","NP","Total","Total","Person","0",""
"2013","France","PK","Total","Total","Person","10",""
"2013","France","LK","Total","Total","Person","5",""
"2013","France","BN","Total","Total","Person","0",""
"2013","France","KH","Total","Total","Person","0",""
"2013","France","ID","Total","Total","Person","0",""
"2013","France","LA","Total","Total","Person","0",""
"2013","France","MY","Total","Total","Person","0",""
"2013","France","MM","Total","Total","Person","0",""
"2013","France","PH","Total","Total","Person","0",""
"2013","France","SG","Total","Total","Person","0",""
"2013","France","TH","Total","Total","Person","0",""
"2013","France","TL","Total","Total","Person","0",""
"2013","France","VN","Total","Total","Person","0",""
"2013","France","AM","Total","Total","Person","0",""
"2013","France","AZ","Total","Total","Person","0",""
"2013","France","BH","Total","Total","Person","0",""
"2013","France","GE","Total","Total","Person","0",""
"2013","France","IQ","Total","Total","Person","0",""
"2013","France","IL","Total","Total","Person","0",""
"2013","France","JO","Total","Total","Person","0",""
"2013","France","KW","Total","Total","Person","0",""
"2013","France","LB","Total","Total","Person","0",""
"2013","France","PS","Total","Total","Person","0",""
"2013","France","OM","Total","Total","Person","0",""
"2013","France","QA","Total","Total","Person","0",""
"2013","France","SA","Total","Total","Person","0",""
"2013","France","SY","Total","Total","Person","0",""
"2013","France","AE","Total","Total","Person","0",""
"2013","France","YE","Total","Total","Person","0",""
"2013","France","AU","Total","Total","Person","0",""
"2013","France","NZ","Total","Total","Person","0",""
"2013","France","FJ","Total","Total","Person","0",""
"2013","France","PG","Total","Total","Person","0",""
"2013","France","SB","Total","Total","Person","0",""
"2013","France","VU","Total","Total","Person","0",""
"2013","France","KI","Total","Total","Person","0",""
"2013","France","MH","Total","Total","Person","0",""
"2013","France","FM","Total","Total","Person","0",""
"2013","France","NR","Total","Total","Person","0",""
"2013","France","PW","Total","Total","Person","0",""
"2013","France","CK","Total","Total","Person","0",""
"2013","France","WS","Total","Total","Person","0",""
"2013","France","TO","Total","Total","Person","0",""
"2013","France","TV","Total","Total","Person","0",""
"2013","France","TOTAL","Total","Total","Person","90",""
"2014","France","AO","Total","Total","Person","0",""
"2014","France","CM","Total","Total","Person","0",""
"2014","France","CF","Total","Total","Person","0",""
"2014","France","TD","Total","Total","Person","0",""
"2014","France","CG","Total","Total","Person","5",""
"2014","France","CD","Total","Total","Person","30",""
"2014","France","GQ","Total","Total","Person","0",""
"2014","France","GA","Total","Total","Person","0",""
"2014","France","ST","Total","Total","Person","0",""
"2014","France","BI","Total","Total","Person","0",""
"2014","France","KM","Total","Total","Person","0",""
"2014","France","DJ","Total","Total","Person","0",""
"2014","France","ER","Total","Total","Person","0",""
"2014","France","ET","Total","Total","Person","15",""
"2014","France","KE","Total","Total","Person","0",""
"2014","France","MG","Total","Total","Person","0",""
"2014","France","MW","Total","Total","Person","0",""
"2014","France","MU","Total","Total","Person","0",""
"2014","France","MZ","Total","Total","Person","0",""
"2014","France","RW","Total","Total","Person","15",""
"2014","France","SC","Total","Total","Person","0",""
"2014","France","SO","Total","Total","Person","15",""
"2014","France","UG","Total","Total","Person","0",""
"2014","France","TZ","Total","Total","Person","0",""
"2014","France","ZM","Total","Total","Person","0",""
"2014","France","ZW","Total","Total","Person","0",""
"2014","France","DZ","Total","Total","Person","0",""
"2014","France","EG","Total","Total","Person","0",""
"2014","France","LY","Total","Total","Person","0",""
"2014","France","MA","Total","Total","Person","0",""
"2014","France","SS","Total","Total","Person","0",""
"2014","France","SD","Total","Total","Person","0",""
"2014","France","TN","Total","Total","Person","0",""
"2014","France","EH","Total","Total","Person","0",""
"2014","France","BW","Total","Total","Person","0",""
"2014","France","LS","Total","Total","Person","0",""
"2014","France","NA","Total","Total","Person","0",""
"2014","France","ZA","Total","Total","Person","0",""
"2014","France","SZ","Total","Total","Person","0",""
"2014","France","BJ","Total","Total","Person","0",""
"2014","France","BF","Total","Total","Person","0",""
"2014","France","CV","Total","Total","Person","0",""
"2014","France","CI","Total","Total","Person","10",""
"2014","France","GM","Total","Total","Person","0",""
"2014","France","GH","Total","Total","Person","0",""
"2014","France","GN","Total","Total","Person","0",""
"2014","France","GW","Total","Total","Person","0",""
"2014","France","LR","Total","Total","Person","0",""
"2014","France","ML","Total","Total","Person","0",""
"2014","France","MR","Total","Total","Person","0",""
"2014","France","NE","Total","Total","Person","0",""
"2014","France","NG","Total","Total","Person","0",""
"2014","France","SN","Total","Total","Person","0",""
"2014","France","SL","Total","Total","Person","0",""
"2014","France","TG","Total","Total","Person","0",""
"2014","France","CA","Total","Total","Person","0",""
"2014","France","US","Total","Total","Person","0",""
"2014","France","AG","Total","Total","Person","0",""
"2014","France","BS","Total","Total","Person","0",""
"2014","France","BB","Total","Total","Person","0",""
"2014","France","CU","Total","Total","Person","0",""
"2014","France","DM","Total","Total","Person","0",""
"2014","France","DO","Total","Total","Person","0",""
"2014","France","GD","Total","Total","Person","0",""
"2014","France","HT","Total","Total","Person","0",""
"2014","France","JM","Total","Total","Person","0",""
"2014","France","KN","Total","Total","Person","0",""
"2014","France","LC","Total","Total","Person","0",""
"2014","France","VC","Total","Total","Person","0",""
"2014","France","TT","Total","Total","Person","0",""
"2014","France","BZ","Total","Total","Person","0",""
"2014","France","CR","Total","Total","Person","0",""
"2014","France","SV","Total","Total","Person","0",""
"2014","France","GT","Total","Total","Person","0",""
"2014","France","HN","Total","Total","Person","0",""
"2014","France","MX","Total","Total","Person","0",""
"2014","France","NI","Total","Total","Person","0",""
"2014","France","PA","Total","Total","Person","0",""
"2014","France","AR","Total","Total","Person","0",""
"2014","France","BO","Total","Total","Person","0",""
"2014","France","BR","Total","Total","Person","0",""
"2014","France","CL","Total","Total","Person","0",""
"2014","France","CO","Total","Total","Person","0",""
"2014","France","EC","Total","Total","Person","0",""
"2014","France","GY","Total","Total","Person","0",""
"2014","France","PY","Total","Total","Person","0",""
"2014","France","PE","Total","Total","Person","0",""
"2014","France","SR","Total","Total","Person","0",""
"2014","France","UY","Total","Total","Person","0",""
"2014","France","VE","Total","Total","Person","0",""
"2014","France","KZ","Total","Total","Person","0",""
"2014","France","KG","Total","Total","Person","0",""
"2014","France","TJ","Total","Total","Person","0",""
"2014","France","TM","Total","Total","Person","0",""
"2014","France","UZ","Total","Total","Person","0",""
"2014","France","CN","Total","Total","Person","5",""
"2014","France","JP","Total","Total","Person","0",""
"2014","France","MN","Total","Total","Person","0",""
"2014","France","KP","Total","Total","Person","0",""
"2014","France","KR","Total","Total","Person","0",""
"2014","France","TW","Total","Total","Person","0",""
"2014","France","AF","Total","Total","Person","50",""
"2014","France","BD","Total","Total","Person","0",""
"2014","France","BT","Total","Total","Person","0",""
"2014","France","IN","Total","Total","Person","0",""
"2014","France","IR","Total","Total","Person","0",""
"2014","France","MV","Total","Total","Person","0",""
"2014","France","NP","Total","Total","Person","0",""
"2014","France","PK","Total","Total","Person","0",""
"2014","France","LK","Total","Total","Person","5",""
"2014","France","BN","Total","Total","Person","0",""
"2014","France","KH","Total","Total","Person","0",""
"2014","France","ID","Total","Total","Person","0",""
"2014","France","LA","Total","Total","Person","5",""
"2014","France","MY","Total","Total","Person","0",""
"2014","France","MM","Total","Total","Person","0",""
"2014","France","PH","Total","Total","Person","0",""
"2014","France","SG","Total","Total","Person","0",""
"2014","France","TH","Total","Total","Person","0",""
"2014","France","TL","Total","Total","Person","0",""
"2014","France","VN","Total","Total","Person","10",""
"2014","France","AM","Total","Total","Person","0",""
"2014","France","AZ","Total","Total","Person","0",""
"2014","France","BH","Total","Total","Person","0",""
"2014","France","GE","Total","Total","Person","0",""
"2014","France","IQ","Total","Total","Person","25",""
"2014","France","IL","Total","Total","Person","0",""
"2014","France","JO","Total","Total","Person","0",""
"2014","France","KW","Total","Total","Person","0",""
"2014","France","LB","Total","Total","Person","0",""
"2014","France","PS","Total","Total","Person","15",""
"2014","France","OM","Total","Total","Person","0",""
"2014","France","QA","Total","Total","Person","0",""
"2014","France","SA","Total","Total","Person","0",""
"2014","France","SY","Total","Total","Person","230",""
"2014","France","AE","Total","Total","Person","0",""
"2014","France","YE","Total","Total","Person","0",""
"2014","France","AU","Total","Total","Person","0",""
"2014","France","NZ","Total","Total","Person","0",""
"2014","France","FJ","Total","Total","Person","0",""
"2014","France","PG","Total","Total","Person","0",""
"2014","France","SB","Total","Total","Person","0",""
"2014","France","VU","Total","Total","Person","0",""
"2014","France","KI","Total","Total","Person","0",""
"2014","France","MH","Total","Total","Person","0",""
"2014","France","FM","Total","Total","Person","0",""
"2014","France","NR","Total","Total","Person","0",""
"2014","France","PW","Total","Total","Person","0",""
"2014","France","CK","Total","Total","Person","0",""
"2014","France","WS","Total","Total","Person","0",""
"2014","France","TO","Total","Total","Person","0",""
"2014","France","TV","Total","Total","Person","0",""
"2014","France","TOTAL","Total","Total","Person","450",""
"2015","France","AO","Total","Total","Person","0",""
"2015","France","CM","Total","Total","Person","0",""
"2015","France","CF","Total","Total","Person","0",""
"2015","France","TD","Total","Total","Person","5",""
"2015","France","CG","Total","Total","Person","0",""
"2015","France","CD","Total","Total","Person","10",""
"2015","France","GQ","Total","Total","Person","0",""
"2015","France","GA","Total","Total","Person","0",""
"2015","France","ST","Total","Total","Person","0",""
"2015","France","BI","Total","Total","Person","0",""
"2015","France","KM","Total","Total","Person","0",""
"2015","France","DJ","Total","Total","Person","0",""
"2015","France","ER","Total","Total","Person","25",""
"2015","France","ET","Total","Total","Person","45",""
"2015","France","KE","Total","Total","Person","0",""
"2015","France","MG","Total","Total","Person","0",""
"2015","France","MW","Total","Total","Person","0",""
"2015","France","MU","Total","Total","Person","0",""
"2015","France","MZ","Total","Total","Person","0",""
"2015","France","RW","Total","Total","Person","5",""
"2015","France","SC","Total","Total","Person","0",""
"2015","France","SO","Total","Total","Person","35",""
"2015","France","UG","Total","Total","Person","0",""
"2015","France","TZ","Total","Total","Person","0",""
"2015","France","ZM","Total","Total","Person","0",""
"2015","France","ZW","Total","Total","Person","0",""
"2015","France","DZ","Total","Total","Person","0",""
"2015","France","EG","Total","Total","Person","0",""
"2015","France","LY","Total","Total","Person","0",""
"2015","France","MA","Total","Total","Person","0",""
"2015","France","SS","Total","Total","Person","0",""
"2015","France","SD","Total","Total","Person","10",""
"2015","France","TN","Total","Total","Person","0",""
"2015","France","EH","Total","Total","Person","0",""
"2015","France","BW","Total","Total","Person","0",""
"2015","France","LS","Total","Total","Person","0",""
"2015","France","NA","Total","Total","Person","0",""
"2015","France","ZA","Total","Total","Person","0",""
"2015","France","SZ","Total","Total","Person","0",""
"2015","France","BJ","Total","Total","Person","0",""
"2015","France","BF","Total","Total","Person","0",""
"2015","France","CV","Total","Total","Person","0",""
"2015","France","CI","Total","Total","Person","5",""
"2015","France","GM","Total","Total","Person","0",""
"2015","France","GH","Total","Total","Person","0",""
"2015","France","GN","Total","Total","Person","0",""
"2015","France","GW","Total","Total","Person","0",""
"2015","France","LR","Total","Total","Person","0",""
"2015","France","ML","Total","Total","Person","0",""
"2015","France","MR","Total","Total","Person","0",""
"2015","France","NE","Total","Total","Person","0",""
"2015","France","NG","Total","Total","Person","0",""
"2015","France","SN","Total","Total","Person","0",""
"2015","France","SL","Total","Total","Person","0",""
"2015","France","TG","Total","Total","Person","0",""
"2015","France","CA","Total","Total","Person","0",""
"2015","France","US","Total","Total","Person","0",""
"2015","France","AG","Total","Total","Person","0",""
"2015","France","BS","Total","Total","Person","0",""
"2015","France","BB","Total","Total","Person","0",""
"2015","France","CU","Total","Total","Person","0",""
"2015","France","DM","Total","Total","Person","0",""
"2015","France","DO","Total","Total","Person","0",""
"2015","France","GD","Total","Total","Person","0",""
"2015","France","HT","Total","Total","Person","0",""
"2015","France","JM","Total","Total","Person","0",""
"2015","France","KN","Total","Total","Person","0",""
"2015","France","LC","Total","Total","Person","0",""
"2015","France","VC","Total","Total","Person","0",""
"2015","France","TT","Total","Total","Person","0",""
"2015","France","BZ","Total","Total","Person","0",""
"2015","France","CR","Total","Total","Person","0",""
"2015","France","SV","Total","Total","Person","0",""
"2015","France","GT","Total","Total","Person","0",""
"2015","France","HN","Total","Total","Person","0",""
"2015","France","MX","Total","Total","Person","0",""
"2015","France","NI","Total","Total","Person","0",""
"2015","France","PA","Total","Total","Person","0",""
"2015","France","AR","Total","Total","Person","0",""
"2015","France","BO","Total","Total","Person","0",""
"2015","France","BR","Total","Total","Person","0",""
"2015","France","CL","Total","Total","Person","0",""
"2015","France","CO","Total","Total","Person","0",""
"2015","France","EC","Total","Total","Person","0",""
"2015","France","GY","Total","Total","Person","0",""
"2015","France","PY","Total","Total","Person","0",""
"2015","France","PE","Total","Total","Person","0",""
"2015","France","SR","Total","Total","Person","0",""
"2015","France","UY","Total","Total","Person","0",""
"2015","France","VE","Total","Total","Person","0",""
"2015","France","KZ","Total","Total","Person","0",""
"2015","France","KG","Total","Total","Person","0",""
"2015","France","TJ","Total","Total","Person","0",""
"2015","France","TM","Total","Total","Person","0",""
"2015","France","UZ","Total","Total","Person","0",""
"2015","France","CN","Total","Total","Person","0",""
"2015","France","JP","Total","Total","Person","0",""
"2015","France","MN","Total","Total","Person","0",""
"2015","France","KP","Total","Total","Person","0",""
"2015","France","KR","Total","Total","Person","0",""
"2015","France","TW","Total","Total","Person","0",""
"2015","France","AF","Total","Total","Person","25",""
"2015","France","BD","Total","Total","Person","0",""
"2015","France","BT","Total","Total","Person","0",""
"2015","France","IN","Total","Total","Person","0",""
"2015","France","IR","Total","Total","Person","0",""
"2015","France","MV","Total","Total","Person","0",""
"2015","France","NP","Total","Total","Person","0",""
"2015","France","PK","Total","Total","Person","5",""
"2015","France","LK","Total","Total","Person","15",""
"2015","France","BN","Total","Total","Person","0",""
"2015","France","KH","Total","Total","Person","5",""
"2015","France","ID","Total","Total","Person","0",""
"2015","France","LA","Total","Total","Person","5",""
"2015","France","MY","Total","Total","Person","0",""
"2015","France","MM","Total","Total","Person","0",""
"2015","France","PH","Total","Total","Person","0",""
"2015","France","SG","Total","Total","Person","0",""
"2015","France","TH","Total","Total","Person","0",""
"2015","France","TL","Total","Total","Person","0",""
"2015","France","VN","Total","Total","Person","5",""
"2015","France","AM","Total","Total","Person","0",""
"2015","France","AZ","Total","Total","Person","0",""
"2015","France","BH","Total","Total","Person","0",""
"2015","France","GE","Total","Total","Person","0",""
"2015","France","IQ","Total","Total","Person","10",""
"2015","France","IL","Total","Total","Person","0",""
"2015","France","JO","Total","Total","Person","0",""
"2015","France","KW","Total","Total","Person","0",""
"2015","France","LB","Total","Total","Person","0",""
"2015","France","PS","Total","Total","Person","20",""
"2015","France","OM","Total","Total","Person","0",""
"2015","France","QA","Total","Total","Person","0",""
"2015","France","SA","Total","Total","Person","0",""
"2015","France","SY","Total","Total","Person","385",""
"2015","France","AE","Total","Total","Person","0",""
"2015","France","YE","Total","Total","Person","0",""
"2015","France","AU","Total","Total","Person","0",""
"2015","France","NZ","Total","Total","Person","0",""
"2015","France","FJ","Total","Total","Person","0",""
"2015","France","PG","Total","Total","Person","0",""
"2015","France","SB","Total","Total","Person","0",""
"2015","France","VU","Total","Total","Person","0",""
"2015","France","KI","Total","Total","Person","0",""
"2015","France","MH","Total","Total","Person","0",""
"2015","France","FM","Total","Total","Person","0",""
"2015","France","NR","Total","Total","Person","0",""
"2015","France","PW","Total","Total","Person","0",""
"2015","France","CK","Total","Total","Person","0",""
"2015","France","WS","Total","Total","Person","0",""
"2015","France","TO","Total","Total","Person","0",""
"2015","France","TV","Total","Total","Person","0",""
"2015","France","TOTAL","Total","Total","Person","620",""
"2016","France","AO","Total","Total","Person","0",""
"2016","France","CM","Total","Total","Person","0",""
"2016","France","CF","Total","Total","Person","0",""
"2016","France","TD","Total","Total","Person","0",""
"2016","France","CG","Total","Total","Person","0",""
"2016","France","CD","Total","Total","Person","0",""
"2016","France","GQ","Total","Total","Person","0",""
"2016","France","GA","Total","Total","Person","0",""
"2016","France","ST","Total","Total","Person","0",""
"2016","France","BI","Total","Total","Person","0",""
"2016","France","KM","Total","Total","Person","0",""
"2016","France","DJ","Total","Total","Person","0",""
"2016","France","ER","Total","Total","Person","0",""
"2016","France","ET","Total","Total","Person","0",""
"2016","France","KE","Total","Total","Person","0",""
"2016","France","MG","Total","Total","Person","0",""
"2016","France","MW","Total","Total","Person","0",""
"2016","France","MU","Total","Total","Person","0",""
"2016","France","MZ","Total","Total","Person","0",""
"2016","France","RW","Total","Total","Person","0",""
"2016","France","SC","Total","Total","Person","0",""
"2016","France","SO","Total","Total","Person","5",""
"2016","France","UG","Total","Total","Person","0",""
"2016","France","TZ","Total","Total","Person","0",""
"2016","France","ZM","Total","Total","Person","0",""
"2016","France","ZW","Total","Total","Person","0",""
"2016","France","DZ","Total","Total","Person","0",""
"2016","France","EG","Total","Total","Person","0",""
"2016","France","LY","Total","Total","Person","0",""
"2016","France","MA","Total","Total","Person","0",""
"2016","France","SS","Total","Total","Person","0",""
"2016","France","SD","Total","Total","Person","0",""
"2016","France","TN","Total","Total","Person","0",""
"2016","France","EH","Total","Total","Person","0",""
"2016","France","BW","Total","Total","Person","0",""
"2016","France","LS","Total","Total","Person","0",""
"2016","France","NA","Total","Total","Person","0",""
"2016","France","ZA","Total","Total","Person","0",""
"2016","France","SZ","Total","Total","Person","0",""
"2016","France","BJ","Total","Total","Person","0",""
"2016","France","BF","Total","Total","Person","0",""
"2016","France","CV","Total","Total","Person","0",""
"2016","France","CI","Total","Total","Person","0",""
"2016","France","GM","Total","Total","Person","0",""
"2016","France","GH","Total","Total","Person","0",""
"2016","France","GN","Total","Total","Person","0",""
"2016","France","GW","Total","Total","Person","0",""
"2016","France","LR","Total","Total","Person","0",""
"2016","France","ML","Total","Total","Person","0",""
"2016","France","MR","Total","Total","Person","0",""
"2016","France","NE","Total","Total","Person","0",""
"2016","France","NG","Total","Total","Person","0",""
"2016","France","SN","Total","Total","Person","0",""
"2016","France","SL","Total","Total","Person","0",""
"2016","France","TG","Total","Total","Person","0",""
"2016","France","CA","Total","Total","Person","0",""
"2016","France","US","Total","Total","Person","0",""
"2016","France","AG","Total","Total","Person","0",""
"2016","France","BS","Total","Total","Person","0",""
"2016","France","BB","Total","Total","Person","0",""
"2016","France","CU","Total","Total","Person","0",""
"2016","France","DM","Total","Total","Person","0",""
"2016","France","DO","Total","Total","Person","0",""
"2016","France","GD","Total","Total","Person","0",""
"2016","France","HT","Total","Total","Person","0",""
"2016","France","JM","Total","Total","Person","0",""
"2016","France","KN","Total","Total","Person","0",""
"2016","France","LC","Total","Total","Person","0",""
"2016","France","VC","Total","Total","Person","0",""
"2016","France","TT","Total","Total","Person","0",""
"2016","France","BZ","Total","Total","Person","0",""
"2016","France","CR","Total","Total","Person","0",""
"2016","France","SV","Total","Total","Person","0",""
"2016","France","GT","Total","Total","Person","0",""
"2016","France","HN","Total","Total","Person","0",""
"2016","France","MX","Total","Total","Person","0",""
"2016","France","NI","Total","Total","Person","0",""
"2016","France","PA","Total","Total","Person","0",""
"2016","France","AR","Total","Total","Person","0",""
"2016","France","BO","Total","Total","Person","0",""
"2016","France","BR","Total","Total","Person","0",""
"2016","France","CL","Total","Total","Person","0",""
"2016","France","CO","Total","Total","Person","0",""
"2016","France","EC","Total","Total","Person","0",""
"2016","France","GY","Total","Total","Person","0",""
"2016","France","PY","Total","Total","Person","0",""
"2016","France","PE","Total","Total","Person","0",""
"2016","France","SR","Total","Total","Person","0",""
"2016","France","UY","Total","Total","Person","0",""
"2016","France","VE","Total","Total","Person","0",""
"2016","France","KZ","Total","Total","Person","0",""
"2016","France","KG","Total","Total","Person","0",""
"2016","France","TJ","Total","Total","Person","0",""
"2016","France","TM","Total","Total","Person","0",""
"2016","France","UZ","Total","Total","Person","0",""
"2016","France","CN","Total","Total","Person","0",""
"2016","France","JP","Total","Total","Person","0",""
"2016","France","MN","Total","Total","Person","0",""
"2016","France","KP","Total","Total","Person","0",""
"2016","France","KR","Total","Total","Person","0",""
"2016","France","TW","Total","Total","Person","0",""
"2016","France","AF","Total","Total","Person","0",""
"2016","France","BD","Total","Total","Person","0",""
"2016","France","BT","Total","Total","Person","0",""
"2016","France","IN","Total","Total","Person","0",""
"2016","France","IR","Total","Total","Person","0",""
"2016","France","MV","Total","Total","Person","0",""
"2016","France","NP","Total","Total","Person","0",""
"2016","France","PK","Total","Total","Person","0",""
"2016","France","LK","Total","Total","Person","0",""
"2016","France","BN","Total","Total","Person","0",""
"2016","France","KH","Total","Total","Person","0",""
"2016","France","ID","Total","Total","Person","0",""
"2016","France","LA","Total","Total","Person","0",""
"2016","France","MY","Total","Total","Person","0",""
"2016","France","MM","Total","Total","Person","0",""
"2016","France","PH","Total","Total","Person","0",""
"2016","France","SG","Total","Total","Person","0",""
"2016","France","TH","Total","Total","Person","0",""
"2016","France","TL","Total","Total","Person","0",""
"2016","France","VN","Total","Total","Person","0",""
"2016","France","AM","Total","Total","Person","0",""
"2016","France","AZ","Total","Total","Person","0",""
"2016","France","BH","Total","Total","Person","0",""
"2016","France","GE","Total","Total","Person","0",""
"2016","France","IQ","Total","Total","Person","15",""
"2016","France","IL","Total","Total","Person","0",""
"2016","France","JO","Total","Total","Person","0",""
"2016","France","KW","Total","Total","Person","0",""
"2016","France","LB","Total","Total","Person","0",""
"2016","France","PS","Total","Total","Person","0",""
"2016","France","OM","Total","Total","Person","0",""
"2016","France","QA","Total","Total","Person","0",""
"2016","France","SA","Total","Total","Person","0",""
"2016","France","SY","Total","Total","Person","580",""
"2016","France","AE","Total","Total","Person","0",""
"2016","France","YE","Total","Total","Person","0",""
"2016","France","AU","Total","Total","Person","0",""
"2016","France","NZ","Total","Total","Person","0",""
"2016","France","FJ","Total","Total","Person","0",""
"2016","France","PG","Total","Total","Person","0",""
"2016","France","SB","Total","Total","Person","0",""
"2016","France","VU","Total","Total","Person","0",""
"2016","France","KI","Total","Total","Person","0",""
"2016","France","MH","Total","Total","Person","0",""
"2016","France","FM","Total","Total","Person","0",""
"2016","France","NR","Total","Total","Person","0",""
"2016","France","PW","Total","Total","Person","0",""
"2016","France","CK","Total","Total","Person","0",""
"2016","France","WS","Total","Total","Person","0",""
"2016","France","TO","Total","Total","Person","0",""
"2016","France","TV","Total","Total","Person","0",""
"2016","France","TOTAL","Total","Total","Person","600",""
"2017","France","AO","Total","Total","Person","0",""
"2017","France","CM","Total","Total","Person","0",""
"2017","France","CF","Total","Total","Person","15",""
"2017","France","TD","Total","Total","Person","0",""
"2017","France","CG","Total","Total","Person","0",""
"2017","France","CD","Total","Total","Person","30",""
"2017","France","GQ","Total","Total","Person","0",""
"2017","France","GA","Total","Total","Person","0",""
"2017","France","ST","Total","Total","Person","0",""
"2017","France","BI","Total","Total","Person","5",""
"2017","France","KM","Total","Total","Person","0",""
"2017","France","DJ","Total","Total","Person","0",""
"2017","France","ER","Total","Total","Person","35",""
"2017","France","ET","Total","Total","Person","35",""
"2017","France","KE","Total","Total","Person","0",""
"2017","France","MG","Total","Total","Person","0",""
"2017","France","MW","Total","Total","Person","0",""
"2017","France","MU","Total","Total","Person","0",""
"2017","France","MZ","Total","Total","Person","0",""
"2017","France","RW","Total","Total","Person","5",""
"2017","France","SC","Total","Total","Person","0",""
"2017","France","SO","Total","Total","Person","5",""
"2017","France","UG","Total","Total","Person","0",""
"2017","France","TZ","Total","Total","Person","0",""
"2017","France","ZM","Total","Total","Person","0",""
"2017","France","ZW","Total","Total","Person","0",""
"2017","France","DZ","Total","Total","Person","0",""
"2017","France","EG","Total","Total","Person","0",""
"2017","France","LY","Total","Total","Person","0",""
"2017","France","MA","Total","Total","Person","0",""
"2017","France","SS","Total","Total","Person","0",""
"2017","France","SD","Total","Total","Person","25",""
"2017","France","TN","Total","Total","Person","0",""
"2017","France","EH","Total","Total","Person","0",""
"2017","France","BW","Total","Total","Person","0",""
"2017","France","LS","Total","Total","Person","0",""
"2017","France","NA","Total","Total","Person","0",""
"2017","France","ZA","Total","Total","Person","0",""
"2017","France","SZ","Total","Total","Person","0",""
"2017","France","BJ","Total","Total","Person","0",""
"2017","France","BF","Total","Total","Person","0",""
"2017","France","CV","Total","Total","Person","0",""
"2017","France","CI","Total","Total","Person","0",""
"2017","France","GM","Total","Total","Person","0",""
"2017","France","GH","Total","Total","Person","0",""
"2017","France","GN","Total","Total","Person","0",""
"2017","France","GW","Total","Total","Person","0",""
"2017","France","LR","Total","Total","Person","0",""
"2017","France","ML","Total","Total","Person","0",""
"2017","France","MR","Total","Total","Person","0",""
"2017","France","NE","Total","Total","Person","0",""
"2017","France","NG","Total","Total","Person","10",""
"2017","France","SN","Total","Total","Person","0",""
"2017","France","SL","Total","Total","Person","0",""
"2017","France","TG","Total","Total","Person","0",""
"2017","France","CA","Total","Total","Person","0",""
"2017","France","US","Total","Total","Person","0",""
"2017","France","AG","Total","Total","Person","0",""
"2017","France","BS","Total","Total","Person","0",""
"2017","France","BB","Total","Total","Person","0",""
"2017","France","CU","Total","Total","Person","0",""
"2017","France","DM","Total","Total","Person","0",""
"2017","France","DO","Total","Total","Person","0",""
"2017","France","GD","Total","Total","Person","0",""
"2017","France","HT","Total","Total","Person","0",""
"2017","France","JM","Total","Total","Person","0",""
"2017","France","KN","Total","Total","Person","0",""
"2017","France","LC","Total","Total","Person","0",""
"2017","France","VC","Total","Total","Person","0",""
"2017","France","TT","Total","Total","Person","0",""
"2017","France","BZ","Total","Total","Person","0",""
"2017","France","CR","Total","Total","Person","0",""
"2017","France","SV","Total","Total","Person","0",""
"2017","France","GT","Total","Total","Person","0",""
"2017","France","HN","Total","Total","Person","0",""
"2017","France","MX","Total","Total","Person","0",""
"2017","France","NI","Total","Total","Person","0",""
"2017","France","PA","Total","Total","Person","0",""
"2017","France","AR","Total","Total","Person","0",""
"2017","France","BO","Total","Total","Person","0",""
"2017","France","BR","Total","Total","Person","0",""
"2017","France","CL","Total","Total","Person","0",""
"2017","France","CO","Total","Total","Person","0",""
"2017","France","EC","Total","Total","Person","0",""
"2017","France","GY","Total","Total","Person","0",""
"2017","France","PY","Total","Total","Person","0",""
"2017","France","PE","Total","Total","Person","0",""
"2017","France","SR","Total","Total","Person","0",""
"2017","France","UY","Total","Total","Person","0",""
"2017","France","VE","Total","Total","Person","0",""
"2017","France","KZ","Total","Total","Person","0",""
"2017","France","KG","Total","Total","Person","0",""
"2017","France","TJ","Total","Total","Person","0",""
"2017","France","TM","Total","Total","Person","0",""
"2017","France","UZ","Total","Total","Person","0",""
"2017","France","CN","Total","Total","Person","0",""
"2017","France","JP","Total","Total","Person","0",""
"2017","France","MN","Total","Total","Person","0",""
"2017","France","KP","Total","Total","Person","0",""
"2017","France","KR","Total","Total","Person","0",""
"2017","France","TW","Total","Total","Person","0",""
"2017","France","AF","Total","Total","Person","10",""
"2017","France","BD","Total","Total","Person","0",""
"2017","France","BT","Total","Total","Person","0",""
"2017","France","IN","Total","Total","Person","0",""
"2017","France","IR","Total","Total","Person","10",""
"2017","France","MV","Total","Total","Person","0",""
"2017","France","NP","Total","Total","Person","0",""
"2017","France","PK","Total","Total","Person","0",""
"2017","France","LK","Total","Total","Person","5",""
"2017","France","BN","Total","Total","Person","0",""
"2017","France","KH","Total","Total","Person","0",""
"2017","France","ID","Total","Total","Person","0",""
"2017","France","LA","Total","Total","Person","0",""
"2017","France","MY","Total","Total","Person","0",""
"2017","France","MM","Total","Total","Person","0",""
"2017","France","PH","Total","Total","Person","0",""
"2017","France","SG","Total","Total","Person","0",""
"2017","France","TH","Total","Total","Person","0",""
"2017","France","TL","Total","Total","Person","0",""
"2017","France","VN","Total","Total","Person","0",""
"2017","France","AM","Total","Total","Person","0",""
"2017","France","AZ","Total","Total","Person","0",""
"2017","France","BH","Total","Total","Person","0",""
"2017","France","GE","Total","Total","Person","0",""
"2017","France","IQ","Total","Total","Person","65",""
"2017","France","IL","Total","Total","Person","0",""
"2017","France","JO","Total","Total","Person","0",""
"2017","France","KW","Total","Total","Person","0",""
"2017","France","LB","Total","Total","Person","0",""
"2017","France","PS","Total","Total","Person","20",""
"2017","France","OM","Total","Total","Person","0",""
"2017","France","QA","Total","Total","Person","0",""
"2017","France","SA","Total","Total","Person","0",""
"2017","France","SY","Total","Total","Person","2,330",""
"2017","France","AE","Total","Total","Person","0",""
"2017","France","YE","Total","Total","Person","0",""
"2017","France","AU","Total","Total","Person","0",""
"2017","France","NZ","Total","Total","Person","0",""
"2017","France","FJ","Total","Total","Person","0",""
"2017","France","PG","Total","Total","Person","0",""
"2017","France","SB","Total","Total","Person","0",""
"2017","France","VU","Total","Total","Person","0",""
"2017","France","KI","Total","Total","Person","0",""
"2017","France","MH","Total","Total","Person","0",""
"2017","France","FM","Total","Total","Person","0",""
"2017","France","NR","Total","Total","Person","0",""
"2017","France","PW","Total","Total","Person","0",""
"2017","France","CK","Total","Total","Person","0",""
"2017","France","WS","Total","Total","Person","0",""
"2017","France","TO","Total","Total","Person","0",""
"2017","France","TV","Total","Total","Person","0",""
"2017","France","TOTAL","Total","Total","Person","2,620",""
"2018","France","AO","Total","Total","Person",":",""
"2018","France","CM","Total","Total","Person","0",""
"2018","France","CF","Total","Total","Person","115",""
"2018","France","TD","Total","Total","Person","5",""
"2018","France","CG","Total","Total","Person","0",""
"2018","France","CD","Total","Total","Person","30",""
"2018","France","GQ","Total","Total","Person",":",""
"2018","France","GA","Total","Total","Person",":",""
"2018","France","ST","Total","Total","Person",":",""
"2018","France","BI","Total","Total","Person",":",""
"2018","France","KM","Total","Total","Person",":",""
"2018","France","DJ","Total","Total","Person",":",""
"2018","France","ER","Total","Total","Person","165",""
"2018","France","ET","Total","Total","Person","35",""
"2018","France","KE","Total","Total","Person",":",""
"2018","France","MG","Total","Total","Person",":",""
"2018","France","MW","Total","Total","Person",":",""
"2018","France","MU","Total","Total","Person",":",""
"2018","France","MZ","Total","Total","Person",":",""
"2018","France","RW","Total","Total","Person","5",""
"2018","France","SC","Total","Total","Person",":",""
"2018","France","SO","Total","Total","Person","45",""
"2018","France","UG","Total","Total","Person",":",""
"2018","France","TZ","Total","Total","Person",":",""
"2018","France","ZM","Total","Total","Person",":",""
"2018","France","ZW","Total","Total","Person",":",""
"2018","France","DZ","Total","Total","Person",":",""
"2018","France","EG","Total","Total","Person",":",""
"2018","France","LY","Total","Total","Person",":",""
"2018","France","MA","Total","Total","Person","0",""
"2018","France","SS","Total","Total","Person",":",""
"2018","France","SD","Total","Total","Person","330",""
"2018","France","TN","Total","Total","Person",":",""
"2018","France","EH","Total","Total","Person",":",""
"2018","France","BW","Total","Total","Person",":",""
"2018","France","LS","Total","Total","Person",":",""
"2018","France","NA","Total","Total","Person",":",""
"2018","France","ZA","Total","Total","Person",":",""
"2018","France","SZ","Total","Total","Person",":",""
"2018","France","BJ","Total","Total","Person",":",""
"2018","France","BF","Total","Total","Person",":",""
"2018","France","CV","Total","Total","Person",":",""
"2018","France","CI","Total","Total","Person","25",""
"2018","France","GM","Total","Total","Person",":",""
"2018","France","GH","Total","Total","Person",":",""
"2018","France","GN","Total","Total","Person",":",""
"2018","France","GW","Total","Total","Person",":",""
"2018","France","LR","Total","Total","Person",":",""
"2018","France","ML","Total","Total","Person","105",""
"2018","France","MR","Total","Total","Person","0",""
"2018","France","NE","Total","Total","Person",":",""
"2018","France","NG","Total","Total","Person","65",""
"2018","France","SN","Total","Total","Person",":",""
"2018","France","SL","Total","Total","Person",":",""
"2018","France","TG","Total","Total","Person",":",""
"2018","France","CA","Total","Total","Person",":",""
"2018","France","US","Total","Total","Person",":",""
"2018","France","AG","Total","Total","Person",":",""
"2018","France","BS","Total","Total","Person",":",""
"2018","France","BB","Total","Total","Person",":",""
"2018","France","CU","Total","Total","Person","0",""
"2018","France","DM","Total","Total","Person",":",""
"2018","France","DO","Total","Total","Person",":",""
"2018","France","GD","Total","Total","Person",":",""
"2018","France","HT","Total","Total","Person",":",""
"2018","France","JM","Total","Total","Person",":",""
"2018","France","KN","Total","Total","Person",":",""
"2018","France","LC","Total","Total","Person",":",""
"2018","France","VC","Total","Total","Person",":",""
"2018","France","TT","Total","Total","Person",":",""
"2018","France","BZ","Total","Total","Person",":",""
"2018","France","CR","Total","Total","Person",":",""
"2018","France","SV","Total","Total","Person",":",""
"2018","France","GT","Total","Total","Person",":",""
"2018","France","HN","Total","Total","Person",":",""
"2018","France","MX","Total","Total","Person",":",""
"2018","France","NI","Total","Total","Person",":",""
"2018","France","PA","Total","Total","Person",":",""
"2018","France","AR","Total","Total","Person",":",""
"2018","France","BO","Total","Total","Person",":",""
"2018","France","BR","Total","Total","Person",":",""
"2018","France","CL","Total","Total","Person",":",""
"2018","France","CO","Total","Total","Person",":",""
"2018","France","EC","Total","Total","Person",":",""
"2018","France","GY","Total","Total","Person",":",""
"2018","France","PY","Total","Total","Person",":",""
"2018","France","PE","Total","Total","Person",":",""
"2018","France","SR","Total","Total","Person",":",""
"2018","France","UY","Total","Total","Person",":",""
"2018","France","VE","Total","Total","Person",":",""
"2018","France","KZ","Total","Total","Person",":",""
"2018","France","KG","Total","Total","Person",":",""
"2018","France","TJ","Total","Total","Person",":",""
"2018","France","TM","Total","Total","Person",":",""
"2018","France","UZ","Total","Total","Person",":",""
"2018","France","CN","Total","Total","Person",":",""
"2018","France","JP","Total","Total","Person",":",""
"2018","France","MN","Total","Total","Person",":",""
"2018","France","KP","Total","Total","Person",":",""
"2018","France","KR","Total","Total","Person",":",""
"2018","France","TW","Total","Total","Person",":",""
"2018","France","AF","Total","Total","Person","5",""
"2018","France","BD","Total","Total","Person",":",""
"2018","France","BT","Total","Total","Person",":",""
"2018","France","IN","Total","Total","Person",":",""
"2018","France","IR","Total","Total","Person","5",""
"2018","France","MV","Total","Total","Person",":",""
"2018","France","NP","Total","Total","Person",":",""
"2018","France","PK","Total","Total","Person",":",""
"2018","France","LK","Total","Total","Person","5",""
"2018","France","BN","Total","Total","Person",":",""
"2018","France","KH","Total","Total","Person",":",""
"2018","France","ID","Total","Total","Person",":",""
"2018","France","LA","Total","Total","Person","0",""
"2018","France","MY","Total","Total","Person",":",""
"2018","France","MM","Total","Total","Person",":",""
"2018","France","PH","Total","Total","Person",":",""
"2018","France","SG","Total","Total","Person",":",""
"2018","France","TH","Total","Total","Person",":",""
"2018","France","TL","Total","Total","Person",":",""
"2018","France","VN","Total","Total","Person","5",""
"2018","France","AM","Total","Total","Person",":",""
"2018","France","AZ","Total","Total","Person",":",""
"2018","France","BH","Total","Total","Person",":",""
"2018","France","GE","Total","Total","Person",":",""
"2018","France","IQ","Total","Total","Person","95",""
"2018","France","IL","Total","Total","Person",":",""
"2018","France","JO","Total","Total","Person",":",""
"2018","France","KW","Total","Total","Person",":",""
"2018","France","LB","Total","Total","Person",":",""
"2018","France","PS","Total","Total","Person","5",""
"2018","France","OM","Total","Total","Person",":",""
"2018","France","QA","Total","Total","Person",":",""
"2018","France","SA","Total","Total","Person",":",""
"2018","France","SY","Total","Total","Person","4,495",""
"2018","France","AE","Total","Total","Person",":",""
"2018","France","YE","Total","Total","Person",":",""
"2018","France","AU","Total","Total","Person",":",""
"2018","France","NZ","Total","Total","Person",":",""
"2018","France","FJ","Total","Total","Person",":",""
"2018","France","PG","Total","Total","Person",":",""
"2018","France","SB","Total","Total","Person",":",""
"2018","France","VU","Total","Total","Person",":",""
"2018","France","KI","Total","Total","Person",":",""
"2018","France","MH","Total","Total","Person",":",""
"2018","France","FM","Total","Total","Person",":",""
"2018","France","NR","Total","Total","Person",":",""
"2018","France","PW","Total","Total","Person",":",""
"2018","France","CK","Total","Total","Person",":",""
"2018","France","WS","Total","Total","Person",":",""
"2018","France","TO","Total","Total","Person",":",""
"2018","France","TV","Total","Total","Person",":",""
"2018","France","TOTAL","Total","Total","Person","5,565",""
"2019","France","AO","Total","Total","Person","5",""
"2019","France","CM","Total","Total","Person","5",""
"2019","France","CF","Total","Total","Person","340",""
"2019","France","TD","Total","Total","Person","10",""
"2019","France","CG","Total","Total","Person","0",""
"2019","France","CD","Total","Total","Person","20",""
"2019","France","GQ","Total","Total","Person","0",""
"2019","France","GA","Total","Total","Person","0",""
"2019","France","ST","Total","Total","Person","0",""
"2019","France","BI","Total","Total","Person","0",""
"2019","France","KM","Total","Total","Person","0",""
"2019","France","DJ","Total","Total","Person","0",""
"2019","France","ER","Total","Total","Person","375",""
"2019","France","ET","Total","Total","Person","55",""
"2019","France","KE","Total","Total","Person","0",""
"2019","France","MG","Total","Total","Person","0",""
"2019","France","MW","Total","Total","Person","0",""
"2019","France","MU","Total","Total","Person","0",""
"2019","France","MZ","Total","Total","Person","0",""
"2019","France","RW","Total","Total","Person","0",""
"2019","France","SC","Total","Total","Person","0",""
"2019","France","SO","Total","Total","Person","80",""
"2019","France","UG","Total","Total","Person","0",""
"2019","France","TZ","Total","Total","Person","0",""
"2019","France","ZM","Total","Total","Person","0",""
"2019","France","ZW","Total","Total","Person","0",""
"2019","France","DZ","Total","Total","Person","0",""
"2019","France","EG","Total","Total","Person","5",""
"2019","France","LY","Total","Total","Person","0",""
"2019","France","MA","Total","Total","Person","0",""
"2019","France","SS","Total","Total","Person","15",""
"2019","France","SD","Total","Total","Person","1,210",""
"2019","France","TN","Total","Total","Person","5",""
"2019","France","EH","Total","Total","Person","0",""
"2019","France","BW","Total","Total","Person","0",""
"2019","France","LS","Total","Total","Person","0",""
"2019","France","NA","Total","Total","Person","0",""
"2019","France","ZA","Total","Total","Person","0",""
"2019","France","SZ","Total","Total","Person","0",""
"2019","France","BJ","Total","Total","Person","0",""
"2019","France","BF","Total","Total","Person","0",""
"2019","France","CV","Total","Total","Person","0",""
"2019","France","CI","Total","Total","Person","25",""
"2019","France","GM","Total","Total","Person","0",""
"2019","France","GH","Total","Total","Person","0",""
"2019","France","GN","Total","Total","Person","5",""
"2019","France","GW","Total","Total","Person","0",""
"2019","France","LR","Total","Total","Person","0",""
"2019","France","ML","Total","Total","Person","65",""
"2019","France","MR","Total","Total","Person","0",""
"2019","France","NE","Total","Total","Person","0",""
"2019","France","NG","Total","Total","Person","165",""
"2019","France","SN","Total","Total","Person","15",""
"2019","France","SL","Total","Total","Person","0",""
"2019","France","TG","Total","Total","Person","0",""
"2019","France","CA","Total","Total","Person","0",""
"2019","France","US","Total","Total","Person","0",""
"2019","France","AG","Total","Total","Person","0",""
"2019","France","BS","Total","Total","Person","0",""
"2019","France","BB","Total","Total","Person","0",""
"2019","France","CU","Total","Total","Person","0",""
"2019","France","DM","Total","Total","Person","0",""
"2019","France","DO","Total","Total","Person","0",""
"2019","France","GD","Total","Total","Person","0",""
"2019","France","HT","Total","Total","Person","0",""
"2019","France","JM","Total","Total","Person","0",""
"2019","France","KN","Total","Total","Person","0",""
"2019","France","LC","Total","Total","Person","0",""
"2019","France","VC","Total","Total","Person","0",""
"2019","France","TT","Total","Total","Person","0",""
"2019","France","BZ","Total","Total","Person","0",""
"2019","France","CR","Total","Total","Person","0",""
"2019","France","SV","Total","Total","Person","0",""
"2019","France","GT","Total","Total","Person","0",""
"2019","France","HN","Total","Total","Person","0",""
"2019","France","MX","Total","Total","Person","0",""
"2019","France","NI","Total","Total","Person","0",""
"2019","France","PA","Total","Total","Person","0",""
"2019","France","AR","Total","Total","Person","0",""
"2019","France","BO","Total","Total","Person","0",""
"2019","France","BR","Total","Total","Person","0",""
"2019","France","CL","Total","Total","Person","0",""
"2019","France","CO","Total","Total","Person","0",""
"2019","France","EC","Total","Total","Person","0",""
"2019","France","GY","Total","Total","Person","0",""
"2019","France","PY","Total","Total","Person","0",""
"2019","France","PE","Total","Total","Person","0",""
"2019","France","SR","Total","Total","Person","0",""
"2019","France","UY","Total","Total","Person","0",""
"2019","France","VE","Total","Total","Person","0",""
"2019","France","KZ","Total","Total","Person","0",""
"2019","France","KG","Total","Total","Person","0",""
"2019","France","TJ","Total","Total","Person","0",""
"2019","France","TM","Total","Total","Person","0",""
"2019","France","UZ","Total","Total","Person","0",""
"2019","France","CN","Total","Total","Person","0",""
"2019","France","JP","Total","Total","Person","0",""
"2019","France","MN","Total","Total","Person","0",""
"2019","France","KP","Total","Total","Person","0",""
"2019","France","KR","Total","Total","Person","0",""
"2019","France","TW","Total","Total","Person","0",""
"2019","France","AF","Total","Total","Person","15",""
"2019","France","BD","Total","Total","Person","0",""
"2019","France","BT","Total","Total","Person","0",""
"2019","France","IN","Total","Total","Person","0",""
"2019","France","IR","Total","Total","Person","0",""
"2019","France","MV","Total","Total","Person","0",""
"2019","France","NP","Total","Total","Person","0",""
"2019","France","PK","Total","Total","Person","0",""
"2019","France","LK","Total","Total","Person","10",""
"2019","France","BN","Total","Total","Person","0",""
"2019","France","KH","Total","Total","Person","10",""
"2019","France","ID","Total","Total","Person","0",""
"2019","France","LA","Total","Total","Person","0",""
"2019","France","MY","Total","Total","Person","0",""
"2019","France","MM","Total","Total","Person","0",""
"2019","France","PH","Total","Total","Person","0",""
"2019","France","SG","Total","Total","Person","0",""
"2019","France","TH","Total","Total","Person","0",""
"2019","France","TL","Total","Total","Person","0",""
"2019","France","VN","Total","Total","Person","0",""
"2019","France","AM","Total","Total","Person","0",""
"2019","France","AZ","Total","Total","Person","0",""
"2019","France","BH","Total","Total","Person","0",""
"2019","France","GE","Total","Total","Person","0",""
"2019","France","IQ","Total","Total","Person","410",""
"2019","France","IL","Total","Total","Person","0",""
"2019","France","JO","Total","Total","Person","5",""
"2019","France","KW","Total","Total","Person","0",""
"2019","France","LB","Total","Total","Person","0",""
"2019","France","PS","Total","Total","Person","5",""
"2019","France","OM","Total","Total","Person","0",""
"2019","France","QA","Total","Total","Person","0",""
"2019","France","SA","Total","Total","Person","0",""
"2019","France","SY","Total","Total","Person","2,735",""
"2019","France","AE","Total","Total","Person","0",""
"2019","France","YE","Total","Total","Person","10",""
"2019","France","AU","Total","Total","Person","0",""
"2019","France","NZ","Total","Total","Person","0",""
"2019","France","FJ","Total","Total","Person","0",""
"2019","France","PG","Total","Total","Person","0",""
"2019","France","SB","Total","Total","Person","0",""
"2019","France","VU","Total","Total","Person","0",""
"2019","France","KI","Total","Total","Person","0",""
"2019","France","MH","Total","Total","Person","0",""
"2019","France","FM","Total","Total","Person","0",""
"2019","France","NR","Total","Total","Person","0",""
"2019","France","PW","Total","Total","Person","0",""
"2019","France","CK","Total","Total","Person","0",""
"2019","France","WS","Total","Total","Person","0",""
"2019","France","TO","Total","Total","Person","0",""
"2019","France","TV","Total","Total","Person","0",""
"2019","France","TOTAL","Total","Total","Person","5,600",""
